ID,Epic,Story,Priority,Status,Requirement,Acceptance Summary,Dependencies
MVP-001,Foundation,Repository and CI baseline,P0,Done,NFR-007,"Build, lint, type, test and scan run in CI",None
MVP-002,Identity,Account registration and session,P0,Done,FR-004,"Verified account can sign in/out and manage sessions",MVP-001
MVP-003,Catalog,Taxonomy and catalog pages,P0,Done,FR-001,"Indexable category and product listing pages render",MVP-001
MVP-004,Catalog,Search filter sort and zero results,P0,Done,FR-002,"Filters are shareable, accessible and analytically tracked",MVP-003
MVP-005,Catalog,Product detail evidence model,P0,Done,FR-003,"All required license/version/support/compatibility fields display",MVP-003
MVP-006,Files,Quarantine scan and private storage,P0,Done,FR-007,"Unscanned or rejected file cannot be delivered",MVP-001
MVP-007,Commerce,Checkout session,P0,In Progress,FR-006,"Price is server-derived and checkout is idempotent",MVP-002;MVP-005
MVP-008,Commerce,Verified webhook fulfillment,P0,Backlog,FR-006,"Signature and duplicate event tests pass",MVP-007
MVP-009,Entitlements,Authorized signed downloads,P0,Backlog,FR-007,"Only entitled users receive expiring URL",MVP-006;MVP-008
MVP-010,Free assets,Free entitlement flow,P0,Done,FR-005,"Policy creates entitlement and download record",MVP-002;MVP-006
MVP-011,Creator,Creator application,P0,Superseded,FR-008,"SUPERSEDED 2026-09-24 by the first-party-only publishing decision (docs/final-decisions.md) - third-party creator onboarding is no longer part of the approved business model. Not renamed into a suggestion story; see PROP-009.",MVP-002
MVP-012,Publishing,Product and release editor,P0,Done,FR-009,"Draft validates all mandatory submission fields (first-party ADMIN authoring, not a creator portal)",MVP-006
MVP-013,Moderation,Submission review queue,P0,Superseded,FR-010,"SUPERSEDED 2026-09-24 by the first-party-only publishing decision (docs/final-decisions.md) - reviewing a third-party submission presumes a submitter distinct from the reviewer, which does not exist. Quality requirements redistributed to MVP-012, MVP-014, MVP-006/TD-006/TD-008 and MVP-019 - see docs/final-decisions.md section 5.",MVP-012
MVP-014,Publishing,Immutable published releases,P0,Done,FR-011,"Published files cannot be replaced. Implemented 2026-09-25: ReleasePublishEvent audit trail, atomic conditional-update concurrency guarantee (publishSubsequentRelease + a matching fix to publishProductWithRelease), new POST /api/admin/products/{id}/releases/{releaseId}/publish route, ReleasesEditor extended. Status QA (not Done) - PR open, pending real-CI accessibility confirmation and merge.",MVP-012
MVP-015,Account,Library orders and saved items,P1,Backlog,FR-013,"User can access entitled products and preferences",MVP-009
MVP-016,Reviews,Verified reviews and replies,P1,Backlog,FR-012,"Only qualifying users can review; moderation exists",MVP-009
MVP-017,Content,Tutorials collections learning paths,P1,Done,FR-014,"Editor can publish indexable structured content",MVP-003
MVP-018,Notifications,Transactional email and preferences,P1,Done,FR-013,"Required messages send and optional messages respect preference",MVP-002
MVP-019,Admin,Operations console and audit,P0,Done,FR-015,"Sensitive actions are authorized and auditable. Implemented 2026-09-26: Product suspend/archive/reinstate (ProductStatusEvent audit trail, reason required for every transition, atomic conditional-update concurrency guarantee) and a unified read-only admin audit-log view merging ProductStatusEvent/DeletionRequestEvent/ArticlePublishEvent. Status QA (not Done) - PR open, pending real-CI accessibility confirmation and merge. User management, taxonomy admin CRUD, and Entitlement revocation remain explicitly out of scope.",MVP-012
MVP-020,Privacy,Consent legal deletion workflow,P0,Done,FR-004,"Consent and deletion request are recorded",MVP-002
MVP-021,SEO,Metadata sitemap canonical structured data,P0,Done,FR-017,"Indexable pages emit valid metadata and sitemap",MVP-005
MVP-022,Observability,Logs traces metrics and alerts,P0,Done,NFR-007,"Critical journeys have correlation and runbooks",MVP-001
MVP-023,Accessibility,Manual and automated accessibility gate,P0,Done,NFR-001;NFR-008,"Core journeys meet defined WCAG gate",MVP-003
MVP-024,Support,Support case workflow,P1,Backlog,FR-018,"Case links to user/product/order/version",MVP-019
MVP-025,Launch,End-to-end launch gate,P0,Backlog,MVP Release,"Free and paid golden paths, restore and incident tests pass",All P0
MVP-026,SEO,SEO discoverability: rendered articles /learn hub internal links share images,P1,Done,FR-017;FR-014;FR-002,"Articles render as structured HTML; /learn hub and internal links; generated share images and favicon; brand publisher and breadcrumb JSON-LD; sitemap lastmod for articles; repeated query parameters no longer 500 (BUG-002). Done 2026-09-30: PR #28 merged (merge commit cb00b6b) after CI run 36650827876 passed all 7 checks.",MVP-017;MVP-021
MVP-027,Design,Design system: A + B tokens dark mode Premium 3 home article layout,P1,Done,NFR-005;NFR-001;NFR-004,"Semantic tokens pass WCAG contrast in light and dark; dark theme at parity (a11y gate scans every page state dark); self-hosted fonts; site header/footer with skip link; Premium 3 home page; article layout with contents list and code Copy; motion respects reduced motion. All 4 slices built 2026-09-30 (foundations; Premium 3 home page; article page; remaining pages, resolving BUG-009). Done 2026-09-30: PRs #31, #33, #34, #35 merged, each with all 7 CI checks green.",MVP-026
MVP-028,Content,Technology sections: Power Apps Power Automate Power BI Copilot Studio Dataverse Power Pages,P1,Done,FR-014;FR-017,"Six sections at /{technology} with Learn/Architecture/Components/KPIs tabs; articles tagged with a technology; KPI guide article type; categories mapped to technologies; empty tabs noindex. Both slices built 2026-09-30 (content model and admin editor; section pages, menu, tiles, SEO). Done 2026-09-30: PRs #37 and #38 merged; #38 with all 7 CI checks green, and develop CI passed on #37.",MVP-027
MVP-029,Content,Launch content: 24 wave-1 articles across the six technology sections,P1,QA,FR-014,"Articles written as reviewed Markdown files, validated in CI and imported as drafts for the product owner to publish; every example checked against Microsoft Learn. Pipeline and all 24 wave-1 articles written 2026-09-30; in QA until the product owner reviews and publishes them.",MVP-028
MVP-030,Launch,Deploy to Netlify (content-first launch infrastructure),P1,In Progress,NFR-007;FR-017,"Implements docs/adr/005-hosting-netlify.md. Slice 1 (repo): DB client works through Supabase's transaction pooler; apps/web/netlify.toml; docs/15-deployment.md runbook. Slice 2 (with product owner): first preview and production deploy verified (Next.js 16.3 on Netlify, share images, preview noindex, sign-in), admin granted, articles imported, lowcodestacks.com live.",MVP-029
MVP-031,Design,"Daylight redesign: tokens, fonts, header/footer, home, technology hub, learn, article, search, sign-in, 404",P1,QA,NFR-005;NFR-001;NFR-004,"Implements docs/final-decisions.md ""Visual redesign: Daylight"" (2026-10-01). Daylight tokens pass WCAG contrast in light and dark (design-tokens test; a11y gate dark pass); self-hosted Bricolage Grotesque, Instrument Serif, Geist and Geist Mono; every public page matches the approved canvas; decorative mock-ups aria-hidden; all motion off under reduced motion; no horizontal scroll at 320-1280px; existing a11y gate states pass.",MVP-027
MVP-032,Trust,"About, Privacy and Terms pages",P1,QA,NFR-003;NFR-005;FR-004,"Implements docs/final-decisions.md ""About, Privacy and Terms pages"" (2026-10-02). Three public pages in the Daylight look, linked from the footer; every privacy statement matches the code (data, cookies, logs, providers); contact@lowcodestacks.com; operator Uday Posia, Saskatchewan, Canada; code samples MIT, text reserved; no compliance claim; real PolicyVersion rows via a reversible migration; account page links the Terms; pages pass the a11y gate.",MVP-031
MVP-033,Design,"Navigation restructure: top bar, topics per technology, Governance & admin area, technology hubs, Guides by goal, Updates page and badge",P1,QA,NFR-005;NFR-004,"Implements docs/final-decisions.md 2026-10-02 navigation entries; build plan docs/plans/mvp-033-navigation-restructure.md; four slices (A top bar, B content model, C hubs, D Updates), each with tests and a11y gate.",MVP-031;MVP-032
MVP-037,Design,"Hub framing: product-level taglines, top-fix chips, daily reference row, hub-scoped search",P1,QA,NFR-005;NFR-004,"Taglines and chips from docs/research/technology-daily-needs.md; a Daily reference row on every hub; the hub search box filters by technology; drawn on the design board first; same design system.",MVP-033
MVP-038,Content,"Reference pages and trust signals: REFERENCE type, source-checked date, tested-by-us badge, last-reviewed date and outdated reports",P1,In Progress,FR-014,"REFERENCE article type (migration); source-checked and last-reviewed dates in frontmatter and the admin; Tested badge only after an admin records a tenant test; a this-changed report; badges on the guide page.",MVP-037
MVP-039,Content,"Did this fix it? votes and Accepted fixes",P2,QA,FR-014,"Anonymous Yes/No per guide, no personal data, abuse-limited; the Accepted badge above a threshold; counts in the admin.",MVP-038
MVP-040,Community,"Community solutions: moderated reader-submitted fixes, accepted answer",P2,In Progress,FR-014,"Signed-in readers only. Comments show at once and are removed if reported (product owner, 2026-10-07; not a queue). Every signed-in reader gets a random, Power Platform-flavoured display name and an avatar they can change, shown on their comments. Plain text and code only; a link cap; rel=ugc nofollow; spam limits; an admin can mark the accepted solution; report button; Terms and Privacy updates approved first.",MVP-038;MVP-036
MVP-034,Security,"Sign-in hardening: email-link confirmation page, browser security headers, /admin home page",P1,QA,NFR-002;NFR-005,"The emailed link opens a page with a Sign me in button (a GET never consumes the token); CSP, frame-ancestors, Referrer-Policy and Permissions-Policy headers on every page; /admin lists the admin areas for admins and 404s for everyone else; deployment doc fixed.",MVP-002;MVP-033
MVP-035,Identity,"Google sign-in",P1,QA,NFR-002,"Continue with Google on /signin; database sessions unchanged; Google accounts link to an existing user with the same verified email; Privacy notice updated; works only when GOOGLE_CLIENT_ID and GOOGLE_CLIENT_SECRET are set.",MVP-034
MVP-036,Identity,"Email and password sign-in",P1,QA,NFR-002,"Sign up, sign in, forgot and reset password; slow hashing; attempt limits; creates the same database sessions so the Account sessions page keeps working; security review; Privacy notice updated.",MVP-034
MVP-041,Content,"Article visuals: own diagrams (with motion), own dated screenshots, safe image support in articles",P1,In Progress,NFR-003;NFR-005,"Implements docs/final-decisions.md 2026-10-06 ""Article visuals"". Markdown images render through an ArticleFigure component: local paths only, required alt text, caption, lazy loading, width and height; diagrams in Daylight tokens with motion that rests on the final frame, stops under prefers-reduced-motion and has a pause control when longer than 5 s; screenshots are our own, dated, with numbered callouts; a content test fails missing files or alt text; Microsoft screenshot-use rules checked and recorded before the first screenshot is published; accessibility gate passes.",
MVP-042,SEO,"SEO additions: guide image in JSON-LD, How we write page, IndexNow ping on publish, Lighthouse speed budget",P1,In Progress,FR-017;NFR-004,"Implements docs/final-decisions.md 2026-10-06 ""SEO additions alongside the guide-page redesign"". TechArticle JSON-LD carries the share image; a public How we write and check guides page (wording approved by PO) is linked from every guide; publishing an article or update pings IndexNow with the public URL only, never blocking publish and logging failures; a Lighthouse CI budget enforces LCP <= 2.5 s, CLS < 0.1 and an INP proxy; tests for each.",
MVP-043,Design,"Animated logo: the X2 stack mark in motion, used where it helps",P2,Backlog,NFR-005,"Product owner, 2026-10-06: animate our logo and use it somewhere; keep the plan for the future. The X2 Code stack mark (docs/final-decisions.md, 2026-10-01) animates: its cards settle into the stack, and the code mark draws in. Candidate places, chosen on the design board first: the home hero, the sign-in and sign-up panel, the 404 page, and a loading state. CSS or SVG only, no video or animation library; still under prefers-reduced-motion; hidden from screen readers (the name stays the accessible label); the favicon and email logo stay static.",MVP-031
MVP-044,Notifications,"Branded emails: every email the site sends in the Daylight design",P1,QA,FR-013;NFR-005,"Product owner, 2026-10-06: design every email the site sends with our design system and a nice UI. Covers the sign-in link, confirm your email (password sign-up), set or reset a password, and the deletion-request acknowledgement. Designed on the board first and approved before building. One shared, email-safe layout (tables and inline styles, light and dark readable, 600px wide, works without images), the X2 logo, a clear button plus the plain link, the independent notice, and a plain-text version of each. No tracking pixels or link tracking. Tests render every email.",MVP-018;MVP-036
MVP-045,Navigation,"Top bar names: Power Platform menu, Fixes, Patterns, Updates, Learn",P1,In Progress,NFR-001;NFR-005,"Implements docs/final-decisions.md 2026-10-07 ""Top bar names"". Desktop and phone menus use the new names; Fixes and Patterns open their sections of /learn; the button reads Learn; the search box reads Search an error or topic. Keyboard, screen-reader names and the accessibility gate still pass.",MVP-033
MVP-046,SEO,"AI search readiness: guides marked as articles, organisation data, RSS feed, quick answers on every guide, named author",P1,In Progress,FR-017;NFR-004,"Implements docs/final-decisions.md 2026-10-07 ""AI search readiness"". og:type article with dates; Organization structured data; an RSS feed of published guides; a quick answer on every guide taken from its own text; a byline, "Posted by the Maker Desk", with no person named (docs/final-decisions.md 2026-10-07, "No personal details on the site"). IndexNow stays in MVP-042.",MVP-030
MVP-047,Admin,"Admin panel redesign and a Contributor role",P1,Backlog,FR-015;NFR-005,"Implements docs/final-decisions.md 2026-10-07 ""No personal details on the site; guide text and the admin panel"". A more powerful, admin-friendly panel to manage the whole site (guides, updates, feedback, users and roles, site settings), designed on the canvas and approved before building. A CONTRIBUTOR role exists, with no more rights than a signed-in reader until the product owner decides what it can do. Guide text is editable by an admin only.",MVP-019
