Requirement,Business Objective,Design Artifact,Backlog,Test Evidence,Status
FR-001,Acquisition,IA,MVP-003,"Unit tests pass (visibility rule, UI components); integration test suite (DB-gated) and real-Postgres constraint verification pass; unauthenticated public routes confirmed (no session check); dev server loaded and visually verified in a browser (compiled CSS + component rendering)",Implemented
FR-002,Discovery,IA,MVP-004,"MVP-004 evidence: unit tests pass (query-param parsing, UI components); DB-gated integration suite covers keyword match/zero-results/alphabetical-sort/pagination/category+query; real Postgres full-text search via parameterized Prisma.sql; dev server verified in a browser. Deferred (TD-005): license, compatibility, free/paid, accessibility-status and update-recency filters, and the AI dimension MVP-026 (2026-09-28): BUG-002 resolved; a repeated query parameter uses its first value instead of returning HTTP 500.","Partially Implemented - keyword search, category filter, sort and pagination done (MVP-004); remaining filter axes tracked in TD-005"
FR-003,Trust,PRD/UX,MVP-005;MVP-007 (price);PROP-001 to PROP-005 (proposed - not approved),"MVP-005 evidence: unit tests pass (compatibility validator, formatting, display view model, support-link safety, text sanitizer, ProductEvidence component incl. table semantics/empty state/no certification wording); DB-gated integration suite covers detail fetch, ordering, legacy product with no evidence, DRAFT exclusion and every database CHECK/unique/FK constraint; real-Postgres verification of both migrations; browser-verified at 1024px and 375px (scroll region keyboard-focusable and labelled); axe-core WCAG 2.2 AA scan of the rendered component: 0 violations. CI (PR #4): all 27 catalog integration tests passed on real Postgres (not skipped) and both migrations applied via prisma migrate deploy; the CI Postgres log shows the CHECK constraints rejecting the deliberately-invalid rows. No Playwright E2E yet (not configured repo-wide; TD-007). Not delivered (TD-007): creator, screenshots, demo, price, prerequisites, setup, accessibility statement, changelog, version history and related assets","Partially Implemented - license, current version, support and compatibility done (MVP-005); remaining FR-003 items tracked in TD-007; ownership dispositions recorded 2026-09-21 (open question 26): price to MVP-007, other items proposed in planning/proposed-stories.md and not yet approved. The 2026-09-21 disposition also assigned 'creator' ownership to MVP-011; that assignment is moot as of 2026-09-24's first-party-only decision (docs/final-decisions.md) - a product's publisher is now LowCodeStacks itself, not a per-product creator field. Evidence-status vocabulary reconciliation with the 2026-09-21 decision: TD-008"
FR-004,Activation,PRD/Security,MVP-002;MVP-020,"MVP-002: unit + integration tests pass in CI (real Postgres via service container) — session sign-in/out, self-service session list/revoke, deny-by-default authorization. MVP-020 (consent/deletion): Done, merged PR #9. ConsentRecord/DeletionRequest/DeletionRequestEvent/PolicyVersion (append-only, RLS, Restrict FKs), /account/privacy and /admin/deletion-requests, ADMIN role (question 48 closed). CI run 35809637645: 603/603 accessibility checks passed (0 failed, 0 flaky), 205/205 @ppu/web tests plus every other package's suite green, Restrict FK proven against the real CI database log. Security and accessibility review: docs/final-decisions.md, 'MVP-020: security and accessibility review, Done, merge'",Implemented - MVP-002 and MVP-020 both Done; questions 46/47 (future erasure treatment, jurisdiction) remain open, tracked separately
FR-005,Activation,PRD,MVP-010,"MVP-010 evidence: Entitlement/Download tables (packages/db/prisma/schema/entitlements.prisma), RLS enabled from the same migration; PrismaEntitlementRepository integration tests (real Postgres, race-safe idempotent grant proven under concurrent requests); domain eligibility unit tests; POST /api/products/[slug]/entitlement server-enforced (sign-in required, product re-read and re-checked PUBLISHED server-side, revokedAt enforced at read time); accessibility gate extended with product-free-idle/product-free-entitled/product-free-granted states across all widths/engines. FR-007 (signed delivery) explicitly out of scope - blocked by the absent ReleaseFile model, owned by MVP-009.",Implemented
FR-006,Revenue,TRD/API,MVP-007;MVP-008,"MVP-007 slice 1: domain unit tests (packages/domain/commerce, order state machine, amount/currency validation); integration tests against a real Postgres (packages/adapters/commerce: order creation, DB CHECK constraints, compare-and-swap transitions incl. two concurrency tests shown to fail against a non-conditional update, idempotent payment-event recording incl. concurrent redeliveries, Restrict FK); Stripe webhook signature verification with real Stripe-generated signatures (packages/adapters/payments: valid, wrong secret, missing/malformed header, tampered and re-serialized body, stale timestamp, v0 downgrade)","Partially Implemented (2026-09-28) - MVP-007 slices 1 and 2 of 3: orders, payment-event ledger, state machine, webhook signature verification (slice 1); one optional USD price per product, set and cleared in the admin editor, shown on the product page with 'all sales final' and 'Purchasing opens soon', and the free-download route refusing priced products with 409 (slice 2). Not yet built: Checkout Session creation and purchase flow (slice 3, gated on sales-tax decision), webhook route and fulfilment (MVP-008)."
FR-007,Trust/Security,Security/API,MVP-006;MVP-009,"MVP-006: unit + integration tests pass in CI (real Postgres/MinIO/ClamAV service containers) — quarantine state machine, deliverability gate, upload policy, magic-byte detection, Prisma/S3/ClamAV adapters. MVP-009 (signed downloads) not started",Partially Implemented - MVP-006 Done; MVP-009 TBD
FR-008,Supply,Marketplace Ops (superseded),MVP-011 (Superseded),N/A,"Superseded 2026-09-24 (docs/final-decisions.md, ""First-party-only publishing model""). FR-008 described third-party creator application/payout-readiness capture, no longer part of the approved first-party-only business model. Preserved for historical traceability, not rewritten as though it always described suggestions."
FR-009,Supply,Marketplace Ops/Data model,MVP-012,"Unit tests (packages/domain/catalog/src/product.test.ts), integration tests against a real Postgres (packages/adapters/catalog/src/catalog-repository.integration.test.ts), API route tests (apps/web/app/api/admin/products/**/*.test.ts), and the accessibility gate (packages/e2e, 7 new admin-products-* states, verified on real CI run 36099983635)","Implemented (2026-09-24, Done). First-party ADMIN authoring built exactly as reworded (docs/final-decisions.md, ""First-party-only publishing model""): packages/domain/catalog/src/product.ts (field validators, isValidProductStatusTransition, checkProductPublishReadiness, publish-lifecycle error types), packages/adapters/catalog/src/catalog-repository.ts (publishProductWithRelease -- one transaction publishing the Product and its explicitly-selected Release atomically -- plus attachReleaseFile/detachReleaseFile, both product-scoped and both rejecting an already-published release), apps/web/app/api/admin/products/ (routes), apps/web/app/admin/products/ (UI). An independent review before merge found and corrected a release-immutability gap (a published product's releases/files were previously unrestricted) and a missing RLS statement on the new release_files table; TD-019 (accessibility gap) is Resolved, not deferred."
FR-010,Quality,Marketplace Ops (superseded),MVP-013 (Superseded),N/A,"Superseded 2026-09-24 (docs/final-decisions.md, ""First-party-only publishing model""). FR-010 described reviewing a third-party submission distinct from its author, which does not exist under first-party-only. Quality requirements redistributed to MVP-012, MVP-014, MVP-006/TD-006/TD-008 and MVP-019 - see that decision entry section 5."
FR-011,Trust,Data model/ADR-002,MVP-014,"Unit tests (packages/domain/catalog/src/product.test.ts, ProductNotPublishedError); integration tests against a real Postgres including a genuine Promise.allSettled-based concurrency test proving exactly one of two simultaneous publish attempts on the same release succeeds (packages/adapters/catalog/src/catalog-repository.integration.test.ts, publishSubsequentRelease describe block, 7 tests); API route tests (apps/web/app/api/admin/products/[id]/releases/[releaseId]/publish/route.test.ts, 9 tests); accessibility gate extended with 2 new admin-products-edit-published-draft-* states, verified on real CI across all three engines (PR #24 run 36221574820).","Implemented (2026-09-28, Done) - merged via PR #24; CI green on all 6 checks (1,143 accessibility checks, 0 skipped, 0 retries). Release.publishedAt set exactly once via an atomic conditional database update (updateMany gated on publishedAt: null, exactly one row affected), not a plain read-then-write; a matching concurrency fix was applied to the existing publishProductWithRelease (MVP-012). ReleasePublishEvent (action=PUBLISHED only) provides an append-only audit trail for both a product's first release and every subsequent one. Deliberately out of scope: compatibility/licence snapshots per release (TD-021), Product suspend/archive (confirmed MVP-019's scope, docs/final-decisions.md)."
FR-012,Trust/Retention,PRD/UX,MVP-016,E2E verified review,TBD
FR-013,Retention,PRD,MVP-015;MVP-018,"MVP-015 (save products/library, not started, depends on MVP-009). MVP-018 (notification preference / transactional email mechanism): Done, merged PR #10. EmailSend audit table (append-only, RLS, Restrict FK), packages/domain/notifications + packages/adapters/notifications, ResendEmailAdapter, auth.ts migrated off ConsoleEmailAdapter, a deletion-request SUBMITTED acknowledgement, a stateless signed unsubscribe token/page. CI run 35822261607: 747/747 accessibility checks passed (0 failed, 0 flaky), 213/213 @ppu/web tests plus every other package's suite green. Security and accessibility review: docs/final-decisions.md, 'MVP-018: security and accessibility review, Done, merge'",Partially Implemented - MVP-018 Done (its half of FR-013); MVP-015 not started (the 'save products' half, depends on MVP-009)
FR-014,Acquisition/Retention,IA/PRD,MVP-017,"E2E content publish: learn-published/learn-draft-not-found (public /learn/[slug]) plus admin-content-populated/denied/new/new-denied/edit accessibility states; @ppu/domain-content (15 unit tests) and @ppu/adapter-content (7 DB-gated integration tests) cover publish-state transitions and the transactional publish write; 27 API-route authorization/validation tests cover the identical-404 deny-by-default pattern MVP-026 (2026-09-28): article bodies render as structured HTML (TD-017 resolved), the /learn hub lists every published article, and articles link to related ones; a11y states learn-index and learn-published (with rendered Markdown fixture).","Partially Implemented - Article (tutorials, patterns, comparison pages) at /learn/[slug] done (MVP-017); LearningPath/LearningPathItem/SEORecord and collections remain unbuilt, tracked in open questions 24 and 50"
FR-015,Trust/Operations,PRD/Security,MVP-019,"Unit tests (packages/domain/catalog/src/product.test.ts: isValidProductStatusChangeTransition, isValidProductStatusChangeReason, both new error classes); integration tests against a real Postgres including a genuine Promise.allSettled-based concurrency test for the same-target-status race, plus a documented non-flaky test for the different-composable-targets race (packages/adapters/catalog/src/catalog-repository.integration.test.ts, changeProductStatus describe block, 11 tests); API route tests (apps/web/app/api/admin/products/[id]/status/route.test.ts, 9 tests); accessibility gate extended with admin-products-edit-suspended, admin-audit-populated and admin-audit-denied states, verified on real CI across all three engines (PR #25 run 36304351964: 1,161 checks, 0 skipped, 0 retries).","Partially Implemented (2026-09-28, MVP-019 Done on merge of PR #25) - the audit-log view also covers ReleasePublishEvent (MVP-014) now that it has merged. Product suspend/archive/reinstate built (ProductStatusEvent audit trail, action-independent reason required for every transition per NFR-009, atomic conditional-update concurrency guarantee mirroring MVP-014's Release.publishedAt pattern) plus a unified read-only admin audit-log view (read/merge over ProductStatusEvent, DeletionRequestEvent and ArticlePublishEvent - no new unified AuditEvent table). Explicitly out of scope, by direct decision: user management (no admin UI, no User.role mutation path), taxonomy admin CRUD, Entitlement revocation (suspend/archive never touches Entitlement rows), orders/refunds/reviews/feature flags (no backing model or owning story yet). See docs/final-decisions.md, ""MVP-019 operations console and audit: open questions evaluated and decided""."
FR-016,Product analytics,Security/Privacy,GAP - no backlog story references FR-016,None,GAP
FR-017,Acquisition,IA,MVP-021,"MVP-021 evidence: unit tests (site-URL validation matrix; canonical builders; category policy regression for base, page=1 normalization, valid page=N, q, sort, filter, mixed, empty and out-of-range; page metadata; robots; sitemap; JSON-LD builders and serializer; wiring tests that call the real pages, layout, robots, sitemap and next.config; a source-scan guard that JSON-LD is the only raw-HTML sink); DB-gated integration tests for the sitemap query (37/37, run locally against a real Postgres and in CI); verified on the real pages with real rows in dev and production builds (metadata, canonical, robots, sitemap contents, JSON-LD, 404s, X-Robots-Tag), hostile-product injection checked in the browser DOM, and six production site-URL scenarios. Deferred: social-preview image (needs approved media), staging/preview noindex switch (TD-009), sitemap index (TD-010). Resolves BUG-001. CI (PR #5): 458 tests passed and 0 skipped, including the 37 DB-gated catalog tests and every other DB-gated suite MVP-026 (2026-09-28): /learn hub, breadcrumbs and related-article internal links; generated share images (og:image/Twitter large card, absolute URLs only, DB-sourced text) and favicon; BreadcrumbList and brand Organization author/publisher JSON-LD; sitemap lastmod for articles and the hub (TD-010 partial); tests in lib/seo (metadata, json-ld, sitemap, pages wiring, share-image) and app/og route tests.","Implemented - canonical URLs, metadata, Open Graph and Twitter tags, sitemap, robots and structured data on the existing indexable pages (MVP-021). Deferred and tracked: social-preview image (needs approved media; PROP-001 in planning/proposed-stories.md), staging/preview noindex switch (TD-009), sitemap index (TD-010)"
FR-018,Retention/Trust,Marketplace Ops,MVP-024,E2E support case,TBD
NFR-001,Accessibility,UX/Test,MVP-023,"MVP-023 evidence: 423/423 automated checks passing (CI run aed24d8, the merged head) across chromium/firefox/webkit at 320/375/768/1280px, 16 page states; ten WCAG A/AA fixes (F1-F10) each with a failing-before regression test; keyboard traversal with real key presses; route-coverage guard; a permanent, unconditional self-check proving the accessibility harness itself is trustworthy in a real browser. Screen-reader compatibility NOT verified (no screen reader run); human manual review not performed (open question 38). BUG-014 (intermittent Firefox @320px sign-in-submit signature) is open, non-reproducing, monitor-only, permanently instrumented - two rounds of evidence-backed investigation recorded in planning/bugs/BUG-014.md.",Implemented
NFR-002,Security,Security,Cross-cutting (all stories),"MVP-002: session-ownership deny-by-default tests pass (5 tests: not-found/not-owner/is-current-session denial paths). MVP-006: file-ownership checks, fail-closed scan verdicts. Both verified in CI against real infrastructure. Other stories TBD",Partially Implemented - MVP-002/MVP-006 contribute verified evidence; remaining stories TBD
NFR-003,Reliability/Security,TRD/Security,MVP-007;MVP-008,Webhook idempotency/signature tests,TBD
NFR-004,SEO/Performance,TRD,MVP-003;MVP-021,Rendering/performance tests,TBD
NFR-005,UX quality,UX,Cross-cutting (all stories);MVP-027,"MVP-027 slice 1 (2026-09-30): semantic design tokens with light and dark themes; contrast checked for every pairing in both themes (apps/web/lib/design-tokens.test.ts); dark-theme accessibility pass over every gated page state; site header, footer and skip link on every page. Slices 2-4 (2026-09-30): Premium 3 home page; article page (contents list, code Copy, callouts); defaults for every unstyled element (BUG-009 resolved), guarded by a unit test that they never touch classed elements; chromium a11y 437/437 light and dark.",Implemented
NFR-006,Security,Security,MVP-022,"Redaction of known-sensitive fields (password/token/secret/authorization/cookie/session/access/refresh tokens/API keys/DSNs/connection strings) verified by unit tests across the logger, both error-monitoring adapters, and the redact() helper itself; Sentry sendDefaultPii explicitly disabled",Implemented
NFR-007,Reliability,TRD/DevOps,MVP-001;MVP-022;MVP-025;MVP-030,"MVP-030 slice 1 (2026-10-01): the DB client sends no search_path startup option for the public schema, so it works through Supabase's transaction pooler (connection-options.test.ts, 3 tests); apps/web/netlify.toml; docs/15-deployment.md. Deployment verification is pending slice 2. CI pipeline green (build/lint/typecheck/test) for MVP-001. MVP-022: correlation IDs across every API route, structured JSON request logs, /api/health liveness/readiness check, Sentry error-monitoring adapter (scope: operational only, product analytics deferred). Restore/incident evidence pending for MVP-025",Partially Implemented - MVP-001 and MVP-022 Implemented; MVP-025 TBD
NFR-008,Quality,UX/Test,MVP-023,"MVP-023 evidence: documented browser matrix (chromium/firefox/webkit, Playwright 1.63.0 pinned builds) and breakpoint matrix (320/375/768/1280px) in docs/14-accessibility-testing.md, exercised by the accessibility suite (packages/e2e) for accessibility and rendering checks; not a general cross-browser functional regression suite. Closes open question 22. Final merged-head CI run: aed24d8, 423/423 passed, 0 skipped, 0 retries, all three engines green.",Implemented
NFR-009,Security,Security,MVP-019,"changeProductStatus rejects an empty or blank reason for every one of the four status-change transitions before writing anything (packages/adapters/catalog/src/catalog-repository.integration.test.ts, ""rejects an empty or blank reason without writing any event""); ProductStatusEvent.reason is application-enforced non-null (mirrors DeletionRequestEvent.reason's precedent)","Partially Implemented (2026-09-28, MVP-019 Done on merge of PR #25). Product status changes (suspend/archive/reinstate) satisfy the reason-capture requirement. Other destructive admin actions (if any are added by future stories) are not covered by this entry."
NFR-010,Privacy,Security/Privacy,MVP-020,PARTIAL - MVP-020 covers deletion; retention-by-data-class scheduling has no dedicated story,GAP
